DE_time_mean,DE_time_std,DE_time_max,DE_time_min,DE_time_rms,DE_time_ptp,DE_time_median,DE_time_iqr,DE_time_pr,DE_time_skew,DE_time_kurtosis,DE_time_var,DE_time_amp,DE_time_smr,DE_time_wavefactor,DE_time_peakfactor,DE_time_pulse,DE_time_margin,DE_1X,DE_2X,DE_3X,DE_1XRatio,DE_2XRatio,DE_3XRatio,FE_time_mean,FE_time_std,FE_time_max,FE_time_min,FE_time_rms,FE_time_ptp,FE_time_median,FE_time_iqr,FE_time_pr,FE_time_skew,FE_time_kurtosis,FE_time_var,FE_time_amp,FE_time_smr,FE_time_wavefactor,FE_time_peakfactor,FE_time_pulse,FE_time_margin,FE_1X,FE_2X,FE_3X,FE_1XRatio,FE_2XRatio,FE_3XRatio,label
0.014035375953443115,0.48649386736933364,5.509799600798403,-5.201985029940119,0.48669391477084706,10.711784630738522,0.015837425149700598,0.2621702994011976,0.7398920159680639,0.07394485121364178,12.019122410870311,0.23667397489681805,0.27282898720999227,0.1894147276694677,1.7838790509318068,11.320872181836533,20.195066723454847,29.088549072135024,3.2288689831693893,3.8651130059054135,2.470976863692922,1.784948750455712e-05,2.5576981952509926e-05,1.0453512981843815e-05,0.032438942925382235,0.18252284880095507,1.8556654545454545,-1.656374545454545,0.18538217407632143,3.51204,0.03225636363636363,0.19168909090909092,0.4012527272727272,0.04655565969661747,3.943218048600831,0.033314265447147336,0.13392151478507255,0.10834447258203607,1.3842598358735478,10.009945475024374,13.856365480360402,17.127458469470007,3.3312217616929116,2.011043399191327,2.326318839618954,0.0003690317439422583,0.00013449295062912606,0.00017996792583407337,2
