DE_time_mean,DE_time_std,DE_time_max,DE_time_min,DE_time_rms,DE_time_ptp,DE_time_median,DE_time_iqr,DE_time_pr,DE_time_skew,DE_time_kurtosis,DE_time_var,DE_time_amp,DE_time_smr,DE_time_wavefactor,DE_time_peakfactor,DE_time_pulse,DE_time_margin,DE_1X,DE_2X,DE_3X,DE_1XRatio,DE_2XRatio,DE_3XRatio,FE_time_mean,FE_time_std,FE_time_max,FE_time_min,FE_time_rms,FE_time_ptp,FE_time_median,FE_time_iqr,FE_time_pr,FE_time_skew,FE_time_kurtosis,FE_time_var,FE_time_amp,FE_time_smr,FE_time_wavefactor,FE_time_peakfactor,FE_time_pulse,FE_time_margin,FE_1X,FE_2X,FE_3X,FE_1XRatio,FE_2XRatio,FE_3XRatio,label
0.01227779532432307,0.06775472930509882,0.31125415384615385,-0.3079163076923077,0.06885810911931801,0.6191704615384616,0.01397723076923077,0.09241661538461537,0.1748196923076923,-0.117246832162255,-0.11196570315673249,0.004590694933461938,0.05543510679050175,0.04718239626211805,1.2421390181414091,4.520225109678942,5.614747979514745,6.596828022828814,3.678406042685749,1.762004349090417,2.010788796672766,0.0023629373023980817,0.000542184147784497,0.0007060992940417307,0.03197471409997786,0.07135252277595944,0.3574909090909091,-0.2461345454545455,0.07818922893654966,0.6036254545454546,0.03020181818181818,0.09800181818181818,0.18408727272727274,0.12987109548615752,-0.11964125072140064,0.005091173179916847,0.06225109757423764,0.05266775314412533,1.256029724508953,4.572124753666672,5.7427245947685135,6.787662046501871,1.4657163246292655,0.8584915819769298,1.4806341127100302,0.000307026938846149,0.00010532918281798258,0.00031330846925410274,0
