DE_time_mean,DE_time_std,DE_time_max,DE_time_min,DE_time_rms,DE_time_ptp,DE_time_median,DE_time_iqr,DE_time_pr,DE_time_skew,DE_time_kurtosis,DE_time_var,DE_time_amp,DE_time_smr,DE_time_wavefactor,DE_time_peakfactor,DE_time_pulse,DE_time_margin,DE_1X,DE_2X,DE_3X,DE_1XRatio,DE_2XRatio,DE_3XRatio,FE_time_mean,FE_time_std,FE_time_max,FE_time_min,FE_time_rms,FE_time_ptp,FE_time_median,FE_time_iqr,FE_time_pr,FE_time_skew,FE_time_kurtosis,FE_time_var,FE_time_amp,FE_time_smr,FE_time_wavefactor,FE_time_peakfactor,FE_time_pulse,FE_time_margin,FE_1X,FE_2X,FE_3X,FE_1XRatio,FE_2XRatio,FE_3XRatio,label
0.015183350099918787,0.3383136486222374,3.521999700598802,-2.9246445109780437,0.33865226038016716,6.446644211576846,0.014456726546906188,0.2430435628742515,0.6373792055888238,0.302670862597765,8.909342837698476,0.11445481934033985,0.21202325822554183,0.15756513761708915,1.5972410914463095,10.400047814962303,16.611383723064193,22.352658423450734,3.011525707935629,5.147732522376691,10.589517108618312,0.0001061229489418666,0.00031007596601843125,0.0013121650698890732,0.03240111591551983,0.19041068850736703,1.0167945454545455,-1.0989763636363636,0.19314670348316118,2.115770909090909,0.03307818181818182,0.2130563636363636,0.4565199999999999,-0.11113609549053546,1.440042740846338,0.036255816753841236,0.14484302439257063,0.118387169784559,1.3334898542277895,5.264363963339354,7.019975934075425,8.588722471403855,0.8396981571390398,1.3232424087816548,17.187468407527305,1.1177281721337614e-05,2.775675037430847e-05,0.0046828864054318155,3
