DE_time_mean,DE_time_std,DE_time_max,DE_time_min,DE_time_rms,DE_time_ptp,DE_time_median,DE_time_iqr,DE_time_pr,DE_time_skew,DE_time_kurtosis,DE_time_var,DE_time_amp,DE_time_smr,DE_time_wavefactor,DE_time_peakfactor,DE_time_pulse,DE_time_margin,DE_1X,DE_2X,DE_3X,DE_1XRatio,DE_2XRatio,DE_3XRatio,FE_time_mean,FE_time_std,FE_time_max,FE_time_min,FE_time_rms,FE_time_ptp,FE_time_median,FE_time_iqr,FE_time_pr,FE_time_skew,FE_time_kurtosis,FE_time_var,FE_time_amp,FE_time_smr,FE_time_wavefactor,FE_time_peakfactor,FE_time_pulse,FE_time_margin,FE_1X,FE_2X,FE_3X,FE_1XRatio,FE_2XRatio,FE_3XRatio,label
0.005105558424923602,0.14626575636852235,1.9700132534930144,-1.8368164471057884,0.14635400416567032,3.8068297005988025,0.005197924151696606,0.16324730538922155,0.3274692215568862,0.028156337031122018,8.092396182039232,0.02139342780849473,0.10592187129494074,0.08661542492271143,1.381716565015603,13.460603723988253,18.598739140545284,22.744369784607006,1.7118261853281893,2.5461478349205917,1.6704983095822108,0.00013789424068528825,0.0003050661556670932,0.0001313163727342302,0.03182881599179908,0.0861578099291782,0.5099381818181818,-0.42981090909090897,0.09184855572126448,0.9397490909090909,0.031845454545454545,0.11526,0.2181927272727273,-0.021475129402971464,0.19250216055349467,0.007423083660642424,0.07313253943846458,0.06187983463033026,1.2559191356748658,5.5519455675025124,6.972794678451658,8.24078126363054,2.113051301218633,1.2549932874268115,1.088771445068569,0.00035845988108112727,0.00012644547144665026,9.516865216353018e-05,1
